Date,Real GDP growth,Retail Sales,NET TRADE,Inflation (HICP/CPI),Unemployment rate,Interest rate 10 year government bond yield,Business Confidence Index,Stock Market Index,Consumer Confidence Index,Oil price,Industrial Production
2000-01-01,44503.5,6.31011270423075,-1622400000.0,69.93342,11.5,6.6,41.8,724.2747,-1.5,25.51,127.9
2000-02-01,,,-1670500000.0,69.78517,11.6,6.49,43.4,731.8682,-1.4,27.78,128.2
2000-03-01,,,-1826100000.0,71.49325,11.6,6.24,44.0,664.7853,-5.4,27.49,130.1
2000-04-01,45131.4,8.43644408270775,-1854500000.0,71.83856,11.5,6.11,54.2,620.3043,0.5,22.76,130.5
2000-05-01,,,-2157000000.0,72.04763,11.5,6.22,52.2,623.2281,-0.2,27.74,127.1
2000-06-01,,,-2180200000.0,71.77039,11.4,6.06,50.4,588.9645,-3.9,29.8,128.8
2000-07-01,45870.0,11.5633717862941,-2129500000.0,70.51872,11.3,6.08,56.2,546.1603,-4.7,28.68,126.9
2000-08-01,,,-2114200000.0,70.62862,11.2,6.04,56.2,509.8024,-12.3,30.2,131.7
2000-09-01,,,-1993500000.0,72.09966,11.2,6.05,56.8,553.6376,-6.6,33.14,125.7
2000-10-01,46473.5,9.12287295236888,-2014800000.0,72.922,10.6,5.97,51.8,520.9277,-13.0,30.96,128.3
2000-11-01,,,-1940800000.0,73.2589,10.7,5.87,52.8,472.8473,-17.3,32.55,127.7
2000-12-01,,,-1949900000.0,73.48741,10.6,5.54,54.3,475.2253,-13.9,25.66,129.3
2001-01-01,47210.7,6.07857368250882,-2107500000.0,72.31429,10.5,5.35,21.0,430.2661,-15.9,25.62,131.5
2001-02-01,,,-1793800000.0,72.24261,10.5,5.35,22.5,429.9134,-18.9,27.5,129.1
2001-03-01,,,-1815800000.0,73.65901,10.5,5.28,23.2,422.1349,-17.8,24.5,121.9
2001-04-01,47100.0,3.25618157836129,-2172300000.0,74.35207,10.7,5.39,50.7,426.8139,-16.0,25.66,120.3
2001-05-01,,,-1882900000.0,74.66629,10.7,5.54,48.5,425.3452,-18.8,28.31,123.8
2001-06-01,,,-2378800000.0,74.58658,10.7,5.48,46.8,384.1272,-18.5,27.85,121.5
2001-07-01,47947.8,2.65701447739715,-2026800000.0,73.28421,10.7,5.52,46.6,347.7342,-18.0,24.61,120.9
2001-08-01,,,-1794600000.0,73.30228000000001,10.6,5.33,46.9,367.1123,-18.0,25.68,122.8
2001-09-01,,,-1792900000.0,74.70239000000001,10.6,5.31,47.4,319.5088,-13.3,25.62,121.1
2001-10-01,48274.5,2.17894736842082,-1877200000.0,74.93904,10.9,5.07,-1.0,312.1586,-17.9,20.54,122.4
2001-11-01,,,-1812400000.0,75.01865,10.9,4.9,0.0,361.3091,-12.8,18.8,124.1
2001-12-01,,,-2589200000.0,75.72511999999999,10.8,5.13,2.1,353.6306,-13.8,18.71,113.7
2002-01-01,48717.9,3.70236946951312,-1901600000.0,75.52201,10.7,5.23,-2.0,349.7704,-7.4,19.42,121.2
2002-02-01,,,-2099400000.0,74.7225,10.7,5.31,6.1,333.5769,-9.9,20.28,124.4
2002-03-01,,,-1971700000.0,76.6127,10.7,5.51,3.2,319.5764,-11.7,23.7,122.3
2002-04-01,49884.0,4.98584527354704,-2097100000.0,77.20279000000001,10.3,5.51,0.9,298.562,-20.8,25.73,124.1
2002-05-01,,,-2067200000.0,77.19394,10.3,5.52,2.6,311.7641,-16.3,25.35,119.2
2002-06-01,,,-2000600000.0,77.05561,10.3,5.36,2.9,303.8031,-17.9,24.08,121.4
2002-07-01,50242.9,6.39166109622759,-2278000000.0,75.73087,10.3,5.21,-0.7,288.7635,-11.5,25.74,121.5
2002-08-01,,,-2100400000.0,75.90038,10.2,4.95,-1.6,290.0161,-13.1,26.65,119.5
2002-09-01,,,-2346600000.0,77.33344,10.2,4.73,-4.3,264.7308,-16.6,28.4,119.6
2002-10-01,50674.7,5.49003155724417,-2480500000.0,77.73438,10.0,4.79,-4.0,241.3263,-16.3,27.54,122.8
2002-11-01,,,-2399200000.0,77.7511,10.0,4.76,-3.9,248.3293,-16.8,24.34,122.9
2002-12-01,,,-2603400000.0,78.29032,10.0,4.58,0.7,244.1758,-17.0,28.33,122.8
2003-01-01,51637.8,6.03675625491959,-2485400000.0,77.89012,9.8,4.43,1.5,231.2549,-18.0,31.18,121.9
2003-02-01,,,-2400100000.0,77.96507,9.7,4.24,-4.9,224.9774,-19.3,32.77,119.7
2003-03-01,,,-2554500000.0,79.73579000000001,9.7,4.26,-8.7,207.495,-24.9,30.61,120.3
2003-04-01,52568.1,4.14994650669878,-2465800000.0,79.80904,9.7,4.38,-11.3,217.3597,-22.1,25.0,122.0
2003-05-01,,,-2476400000.0,80.14147,9.7,4.02,4.6,232.7614,-20.3,25.86,122.4
2003-06-01,,,-2353800000.0,79.99426,9.7,3.81,7.9,254.6161,-23.2,27.65,123.4
2003-07-01,52943.2,4.91835094404762,-2228000000.0,78.45118000000001,9.7,4.12,8.4,275.4535,-21.9,28.35,123.3
2003-08-01,,,-2274900000.0,78.41906999999999,9.7,4.29,9.8,298.3175,-21.0,29.89,117.5
2003-09-01,,,-2920700000.0,79.91298,9.7,4.32,11.0,279.5947,-24.0,27.11,125.0
2003-10-01,53943.5,4.93944683528862,-2498900000.0,80.20021,9.9,4.38,10.5,284.7439,-22.3,29.61,124.1
2003-11-01,,,-2625900000.0,80.35181,9.9,4.51,13.3,291.4226,-27.6,28.75,121.5
2003-12-01,,,-2767100000.0,80.69813,9.9,4.45,20.4,297.5068,-33.2,29.81,126.0
2004-01-01,55039.2,5.26273000180301,-2538000000.0,80.17017,11.2,4.37,23.1,327.1819,-23.3,31.28,120.8
2004-02-01,,,-2759300000.0,79.92191,10.5,4.35,20.2,330.4153,-24.6,30.86,122.9
2004-03-01,,,-2583800000.0,81.90009,10.7,4.17,17.5,323.6298,-14.8,33.63,126.1
2004-04-01,55118.9,4.60813308303469,-2668900000.0,82.13365999999999,10.7,4.35,20.5,333.3499,-14.6,33.59,126.3
2004-05-01,,,-2925500000.0,82.49297,10.6,4.49,20.2,329.0492,-17.7,37.57,126.0
2004-06-01,,,-2634900000.0,82.24976,10.6,4.55,18.6,321.5071,-21.5,35.18,123.8
2004-07-01,55892.6,3.60062053877542,-2733500000.0,80.75452,10.7,4.44,18.4,315.7797,-21.3,38.22,125.8
2004-08-01,,,-2457100000.0,80.55514000000001,10.7,4.28,12.1,308.1808,-21.2,42.74,116.1
2004-09-01,,,-2885100000.0,82.1675,10.5,4.22,6.3,316.035,-14.1,43.2,124.1
2004-10-01,55963.4,3.56208963376252,-2284200000.0,82.7954,10.4,4.11,4.7,327.2103,-18.2,49.78,118.7
2004-11-01,,,-2590900000.0,82.87689,10.4,3.97,4.1,351.9106,-21.7,43.11,123.0
2004-12-01,,,-2333600000.0,83.19360999999999,10.2,3.77,3.9,366.8245,-23.8,39.6,121.6
2005-01-01,55499.2,1.89964758478766,-2592400000.0,83.40212,10.0,3.69,15.4,389.1535,-21.7,44.51,122.9
2005-02-01,,,-2559700000.0,82.39728000000001,9.8,3.69,15.1,403.9998,-22.5,45.48,122.5
2005-03-01,,,-2714600000.0,84.26921999999999,10.0,3.92,20.2,406.9656,-21.4,53.1,118.8
2005-04-01,55827.6,3.50704650319877,-2489700000.0,84.9129,10.0,3.76,20.8,396.5023,-23.6,51.88,118.8
2005-05-01,,,-2381200000.0,85.16113,10.0,3.6,19.2,390.5924,-21.1,48.65,121.5
2005-06-01,,,-2399600000.0,84.98013,10.2,3.44,14.1,411.9554,-28.3,54.35,118.3
2005-07-01,56681.9,7.00814148763112,-2578200000.0,83.93741,10.3,3.46,15.5,428.7784,-25.2,57.52,118.8
2005-08-01,,,-2892600000.0,83.56197,10.2,3.47,15.3,442.552,-27.1,63.98,120.3
2005-09-01,,,-2862900000.0,85.40156999999999,10.5,3.3,14.5,442.7898,-30.9,62.91,122.6
2005-10-01,57024.6,6.56506563200465,-2656200000.0,85.97086,10.1,3.45,16.7,449.1496,-38.0,58.54,121.2
2005-11-01,,,-2736100000.0,85.79525,9.6,3.67,17.3,465.1255,-33.4,55.24,121.4
2005-12-01,,,-2749500000.0,86.20647,9.6,3.57,16.0,483.1214,-31.3,56.86,119.1
2006-01-01,58941.9,7.55467311164507,-2909100000.0,86.10821999999999,9.2,3.6,17.0,525.5433,-24.2,62.99,118.0
2006-02-01,,,-2910900000.0,85.0622,9.5,3.77,16.7,558.0882,-27.5,60.21,121.6
2006-03-01,,,-2775600000.0,87.05247,9.0,3.95,20.6,550.8042,-33.9,62.06,124.7
2006-04-01,59343.5,10.1956778573264,-3189600000.0,87.69266999999999,9.1,4.23,24.1,567.2868,-29.0,70.26,122.4
2006-05-01,,,-3134500000.0,87.8282,9.3,4.3,31.2,542.2488,-27.8,69.78,124.2
2006-06-01,,,-2864400000.0,87.72896999999999,9.2,4.31,28.1,480.7502,-24.4,68.56,122.6
2006-07-01,59731.1,9.90096837374612,-3006700000.0,87.16526,8.8,4.33,28.3,491.662,-25.9,73.67,119.0
2006-08-01,,,-3288200000.0,86.51666999999999,8.9,4.19,23.4,521.6884,-28.0,73.23,122.0
2006-09-01,,,-3120600000.0,87.90386,9.0,4.06,20.1,529.6061,-26.0,61.96,119.5
2006-10-01,61365.3,8.29858013600811,-3116300000.0,88.38887,8.4,4.08,29.0,547.6817,-27.7,57.81,121.8
2006-11-01,,,-3110000000.0,88.30551,8.9,3.98,32.1,574.2776,-27.9,58.76,118.0
2006-12-01,,,-2943400000.0,88.7141,9.0,4.04,32.3,583.3005,-25.3,62.47,121.8
2007-01-01,61028.7,6.59234891220017,-3297400000.0,88.45924000000001,8.4,4.28,35.0,622.8066,-26.0,53.68,128.5
2007-02-01,,,-3896900000.0,87.33533,8.6,4.3,28.9,636.3356,-26.6,57.56,127.2
2007-03-01,,,-3774700000.0,89.34396,8.9,4.2,33.5,612.6082,-21.9,62.05,121.6
2007-04-01,62614.8,2.88183054179285,-3290500000.0,89.90961,8.5,4.4,35.4,644.1385,-26.6,67.49,122.4
2007-05-01,,,-3663600000.0,90.1312,8.4,4.51,38.8,654.8909,-23.6,67.21,125.9
2007-06-01,,,-3358300000.0,90.04034,8.6,4.8,32.3,656.65,-26.2,71.05,124.4
2007-07-01,62315.4,-0.49685605827454,-3755000000.0,89.36381999999999,8.4,4.79,29.7,675.4823,-23.6,76.93,124.6
2007-08-01,,,-3347800000.0,88.70371,8.3,4.62,30.6,643.7304,-29.3,70.76,122.4
2007-09-01,,,-3234800000.0,90.4703,8.7,4.56,32.4,666.4283,-18.7,77.17,123.0
2007-10-01,61605.2,0.617202160234894,-3589200000.0,91.12526,8.3,4.58,27.3,705.479,-21.1,82.34,122.1
2007-11-01,,,-3391600000.0,91.77847,7.7,4.43,27.1,686.055,-27.9,92.41,123.3
2007-12-01,,,-3768600000.0,92.15891,8.3,4.53,26.2,689.2626,-27.9,90.93,122.8
2008-01-01,62467.0,5.06691236276386,-3541600000.0,91.90598,7.5,4.4,28.7,636.3586,-26.2,92.18,126.8
2008-02-01,,,-3840400000.0,91.20977,7.6,4.36,34.4,586.3825,-30.4,94.99,119.3
2008-03-01,,,-3966600000.0,93.30563,8.2,4.42,30.0,528.0834,-31.1,103.64,117.3
2008-04-01,61908.0,4.49161783430173,-3664400000.0,93.89681,7.7,4.54,27.2,549.1815,-32.7,109.07,123.8
2008-05-01,,,-3616300000.0,94.55634,7.3,4.74,20.6,565.6235,-35.5,122.8,117.2
2008-06-01,,,-4071400000.0,94.46169,7.9,5.17,21.0,510.5726,-44.2,132.32,123.2
2008-07-01,61925.5,-2.42974255901213,-3851000000.0,93.72826,7.6,5.15,18.1,452.2167,-37.1,132.72,120.1
2008-08-01,,,-3904500000.0,92.84766,7.7,4.87,15.8,449.4942,-39.7,113.24,116.9
2008-09-01,,,-3578900000.0,94.66322,8.1,4.88,11.5,420.1514,-41.8,97.23,117.1
2008-10-01,61496.7,-1.20576543763544,-3869400000.0,94.6645,7.7,4.93,8.3,308.5051,-52.0,71.58,115.9
2008-11-01,,,-3413200000.0,94.41068,7.7,5.09,0.6,269.1085,-50.3,52.45,111.9
2008-12-01,,,-3143000000.0,93.97079,8.5,5.08,-15.5,240.9385,-43.2,39.95,110.8
2009-01-01,58399.6,-14.5016993738811,-3090800000.0,93.51973,9.0,5.6,-17.9,239.4171,-36.1,43.44,106.1
2009-02-01,,,-2964000000.0,92.66602,9.2,5.7,-17.6,224.3316,-43.7,43.32,110.7
2009-03-01,,,-2710700000.0,94.51437,9.1,5.87,-16.4,214.8087,-43.1,46.54,107.2
2009-04-01,59898.8,-14.1895328993996,-2885000000.0,94.79906,9.5,5.5,-21.7,253.9162,-36.5,50.18,105.9
2009-05-01,,,-2790600000.0,95.02377,9.4,5.22,-16.6,297.7379,-37.4,57.3,106.6
2009-06-01,,,-3142600000.0,94.95932,9.4,5.33,-11.6,308.8956,-35.6,68.61,105.7
2009-07-01,59695.1,-8.37520609121496,-2986600000.0,94.26079,10.0,4.89,-15.1,302.2669,-35.7,64.44,106.6
2009-08-01,,,-2865700000.0,93.56789,10.1,4.52,-12.5,325.3309,-36.4,72.51,101.9
2009-09-01,,,-3008500000.0,95.33872,9.9,4.56,-18.7,343.7267,-32.9,67.65,105.8
2009-10-01,59601.4,-8.23684661667678,-2753500000.0,95.81895,10.3,4.57,-15.4,373.21,-23.0,72.77,103.5
2009-11-01,,,-3165600000.0,96.29597,11.0,4.84,-17.2,340.434,-29.1,76.66,105.5
2009-12-01,,,-2721100000.0,96.4534,10.2,5.49,-12.4,301.4224,-35.8,74.46,103.0
2010-01-01,58921.3,5.22244360422483,-2962300000.0,95.74278,11.2,6.02,-14.7,289.7094,-38.5,76.17,99.4
2010-02-01,,,-2319500000.0,95.23306,11.8,6.46,-20.1,259.8342,-43.9,73.75,99.3
2010-03-01,,,-3004100000.0,98.23129,11.4,6.24,-19.8,280.3014,-53.5,78.83,101.0
2010-04-01,56387.9,-5.56407347197777,-2367500000.0,99.38755,12.3,7.83,-17.5,262.8311,-54.3,84.82,98.0
2010-05-01,,,-2343200000.0,100.181,12.7,7.97,-28.2,223.2048,-62.0,75.95,99.6
2010-06-01,,,-2154700000.0,99.91795,12.6,9.1,-24.8,202.281,-64.0,74.76,99.5
2010-07-01,54562.8,-11.1384005354945,-2379000000.0,99.43886,13.1,10.34,-24.2,212.9063,-60.7,75.58,93.5
2010-08-01,,,-1929000000.0,98.74862,13.2,10.7,-24.2,221.7401,-57.3,77.04,100.2
2010-09-01,,,-2301000000.0,100.6499,13.5,11.34,-21.4,209.5744,-62.6,77.84,92.7
2010-10-01,54322.7,-12.1307830961991,-2545200000.0,100.8095,14.3,9.57,-21.1,210.5189,-63.3,82.67,99.3
2010-11-01,,,-2081400000.0,101.0311,14.3,11.52,-29.5,200.5177,-63.3,85.28,98.0
2010-12-01,,,-1788100000.0,101.4432,14.8,12.01,-24.6,198.7518,-71.1,91.45,98.1
2011-01-01,52378.1,-14.7721217822696,-2339300000.0,100.722,15.1,11.73,-22.4,198.8328,-67.4,96.52,95.7
2011-02-01,,,-2222900000.0,99.41167,15.7,11.4,-23.6,222.059,-63.3,103.72,95.1
2011-03-01,,,-1835400000.0,102.6516,16.4,12.44,-26.3,214.5115,-63.9,114.64,95.1
2011-04-01,51407.7,-10.2346895284313,-2158100000.0,103.2919,16.3,13.86,-25.3,198.337,-64.6,123.26,92.0
2011-05-01,,,-1856900000.0,103.4764,17.4,15.94,-29.3,180.4032,-65.1,114.99,92.9
2011-06-01,,,-2095600000.0,103.254,17.2,16.69,-28.1,170.7318,-72.5,113.83,89.0
2011-07-01,50281.6,-5.22867644949886,-2038100000.0,101.8234,18.0,16.15,-28.0,166.3987,-72.6,116.97,94.8
2011-08-01,,,-2203200000.0,100.3965,19.3,15.9,-21.3,134.3644,-66.3,110.22,90.6
2011-09-01,,,-1762700000.0,103.7233,18.9,17.78,-23.8,114.6918,-66.5,112.83,95.5
2011-10-01,48023.3,-9.96453540756116,-1798100000.0,103.8321,20.6,18.04,-27.1,102.7342,-78.1,109.55,87.7
2011-11-01,,,-1783000000.0,103.9914,20.8,17.92,-30.4,97.54171,-78.5,110.77,90.5
2011-12-01,,,-1769600000.0,103.8931,21.3,21.14,-33.9,90.34822,-79.0,107.87,85.7
2012-01-01,47582.8,-12.7323703415814,-1845300000.0,103.0586,21.6,25.91,-35.7,92.62625,-74.8,110.69,89.1
2012-02-01,,,-1633700000.0,101.4976,22.4,29.24,-32.9,106.1471,-81.3,119.33,87.6
2012-03-01,,,-2288600000.0,104.3711,22.9,19.06,-32.2,101.8424,-77.7,125.45,87.3
2012-04-01,46453.2,-11.5969681489555,-1774200000.0,105.2576,23.7,21.48,-29.2,95.95682,-76.7,119.75,88.1
2012-05-01,,,-1567200000.0,104.9159,24.0,26.9,-29.7,78.4987,-75.0,110.34,90.4
2012-06-01,,,-1871000000.0,104.599,25.3,27.82,-40.4,73.7089,-71.1,95.16,88.9
2012-07-01,45780.8,-11.0555510630071,-1524100000.0,103.1868,25.5,25.82,-41.0,82.79533,-67.1,102.62,90.9
2012-08-01,,,-1913500000.0,102.1447,25.9,24.34,-37.4,84.44913,-64.6,113.36,91.1
2012-09-01,,,-1190500000.0,104.6615,26.5,20.91,-34.8,98.50777,-71.1,112.86,89.0
2012-10-01,45305.4,-13.8858545850417,-1748600000.0,105.5182,26.2,17.96,-37.1,112.4002,-75.0,111.71,90.4
2012-11-01,,,-1601900000.0,105.0034,27.0,17.2,-32.1,109.7682,-74.5,109.06,87.6
2012-12-01,,,-1574500000.0,104.7285,26.7,13.33,-26.5,117.013,-76.2,109.49,86.4
2013-01-01,44980.1,-11.6660343835196,-1828600000.0,103.2715,27.3,11.1,-26.4,131.958,-72.4,112.96,86.4
2013-02-01,,,-1890600000.0,101.5677,27.3,10.95,-22.0,137.291,-70.5,116.05,84.9
2013-03-01,,,-1472700000.0,104.154,27.6,11.38,-22.3,126.2738,-71.0,108.47,86.9
2013-04-01,45034.4,-8.64158039067683,-1315800000.0,104.6316,28.0,11.58,-21.1,122.9837,-72.5,102.25,88.4
2013-05-01,,,-1403700000.0,104.447,27.9,9.07,-14.0,141.3863,-65.9,102.56,86.8
2013-06-01,,,-1638500000.0,104.1973,27.9,10.07,-4.0,122.2568,-70.5,102.92,90.9
2013-07-01,45312.0,-9.46532207903159,-1418000000.0,102.4746,28.3,10.53,-6.6,113.2933,-70.2,107.93,84.3
2013-08-01,,,-1579700000.0,100.8392,27.7,10.01,-5.4,124.8267,-71.9,111.28,85.7
2013-09-01,,,-1521800000.0,103.4893,28.2,10.15,-9.4,132.9173,-71.6,111.6,86.7
2013-10-01,45535.2,-1.32749107801448,-1743200000.0,103.4199,27.8,8.74,-5.8,152.6927,-66.5,109.08,85.5
2013-11-01,,,-1436800000.0,102.0072,27.8,8.41,-8.8,156.4488,-67.6,107.79,82.7
2013-12-01,,,-1421600000.0,102.9378,27.7,8.66,-5.6,157.2636,-65.9,110.76,85.4
2014-01-01,45440.7,-2.42890430274233,-1591900000.0,101.7531,27.3,8.18,0.6,165.0367,-65.0,108.12,83.6
2014-02-01,,,-1617400000.0,100.4,27.6,7.7,1.7,170.244,-63.8,108.9,85.4
2014-03-01,,,-1421600000.0,102.7501,27.0,6.9,0.5,180.7951,-55.6,107.48,83.8
2014-04-01,45486.3,-0.111227789992217,-1682300000.0,103.2216,27.3,6.2,3.2,170.0927,-54.2,107.76,85.8
2014-05-01,,,-1796700000.0,102.4,27.2,6.38,2.8,159.574,-52.1,109.54,90.5
2014-06-01,,,-1367300000.0,103.0598,26.5,5.93,16.0,171.2101,-49.1,111.8,84.2
2014-07-01,45935.1,1.29910430767299,-1879200000.0,101.7776,26.5,6.1,13.7,160.9819,-45.9,106.77,83.4
2014-08-01,,,-1453700000.0,100.5401,26.4,6.09,18.4,152.0049,-49.0,101.61,82.3
2014-09-01,,,-1841800000.0,102.62,26.1,5.89,7.4,153.5601,-56.0,97.09,83.4
2014-10-01,45585.8,-0.165036603346342,-1674200000.0,101.6864,26.1,7.26,8.3,132.0688,-48.9,87.43,85.6
2014-11-01,,,-1680500000.0,100.7359,25.7,8.1,13.3,126.3521,-45.0,79.44,85.2
2014-12-01,,,-1698500000.0,100.2543,25.9,8.42,10.2,120.3368,-51.4,62.34,83.0
2015-01-01,45777.8,0.510613913232793,-1315900000.0,98.8664,25.6,9.48,8.0,106.9376,-51.1,47.76,84.2
2015-02-01,,,-1480400000.0,98.23171,25.8,9.72,5.8,114.4999,-35.6,58.1,87.1
2015-03-01,,,-1638800000.0,100.5494,26.2,10.52,-0.2,107.1524,-30.2,55.89,87.2
2015-04-01,45676.4,0.493664008927649,-1737800000.0,101.0469,25.2,12.0,-2.0,103.2435,-43.4,59.52,86.6
2015-05-01,,,-1420100000.0,100.1993,25.0,10.95,-7.5,112.0233,-43.9,64.08,82.5
2015-06-01,,,-1370300000.0,100.8376,24.9,11.43,-3.5,104.2015,-48.0,61.48,81.5
2015-07-01,44735.8,-4.5564044481702,-663400000.0,99.50778,24.9,,-28.9,107.7563,-52.8,56.56,83.2
2015-08-01,,,-1134300000.0,99.07301,24.6,10.26,-45.3,88.63227,-65.0,46.52,86.4
2015-09-01,,,-1320600000.0,100.8563,24.7,8.54,-17.1,90.05908,-66.4,47.62,86.2
2015-10-01,45812.4,-2.13005396632753,-1345800000.0,100.7536,24.6,7.81,-17.1,93.11671,-60.6,48.43,85.3
2015-11-01,,,-1559400000.0,99.99141,24.4,7.41,-16.4,90.16312,-64.4,44.27,88.1
2015-12-01,,,-1425300000.0,100.0865,24.1,8.21,-13.3,82.21434,-58.3,38.01,90.7
2016-01-01,45365.3,-2.95733709253065,-1231700000.0,98.14009,24.6,9.08,4.5,77.00568,-61.9,30.7,87.7
2016-02-01,,,-1528300000.0,97.72501,24.1,10.41,-16.2,66.40192,-61.3,32.18,84.2
2016-03-01,,,-1408100000.0,99.04065,24.3,9.12,-11.8,75.3708,-62.2,38.21,85.6
2016-04-01,45341.9,-3.88192665179743,-1372400000.0,99.77558,23.7,9.03,-7.4,77.48669,-64.9,41.58,88.6
2016-05-01,,,-1432100000.0,99.32848,23.8,7.64,-8.2,84.25322,-61.5,46.74,86.8
2016-06-01,,,-1446900000.0,100.1207,23.9,7.92,-10.5,80.76051,-56.9,48.25,87.3
2016-07-01,45465.9,2.81423878702756,-1426700000.0,98.46955,23.6,7.99,-7.4,74.97627,-59.0,44.95,88.0
2016-08-01,,,-1255100000.0,98.13389,23.9,8.19,-3.5,76.46793,-64.1,45.84,88.5
2016-09-01,,,-1318700000.0,99.87823,23.7,8.34,-4.8,76.50712,-62.5,46.57,87.3
2016-10-01,45736.2,1.96235142781184,-1461100000.0,100.2672,23.3,8.33,2.8,79.13374,-57.7,49.52,90.3
2016-11-01,,,-1599000000.0,99.10326,23.8,7.33,4.8,80.84563,-63.4,44.73,89.9
2016-12-01,,,-1574600000.0,100.1095,24.0,6.94,-2.2,85.32062,-60.0,53.31,91.6
2017-01-01,45818.6,3.09480757055869,-1374700000.0,99.27901,23.2,7.04,3.0,87.59054,-63.2,54.58,92.1
2017-02-01,,,-1744800000.0,98.99581,23.1,7.52,2.4,85.46384,-66.3,54.87,93.0
2017-03-01,,,-1581100000.0,100.7698,22.7,7.17,6.0,87.62837,-68.2,51.59,92.4
2017-04-01,46065.9,2.14387319581428,-1480800000.0,101.4137,21.8,6.7,9.2,92.29252,-63.2,52.31,88.9
2017-05-01,,,-1512500000.0,100.5134,22.2,5.86,9.6,104.338,-61.9,50.33,92.3
2017-06-01,,,-1421500000.0,101.138,21.7,5.76,10.8,108.5292,-62.8,46.37,91.7
2017-07-01,46481.1,0.21502281529808,-1671400000.0,99.45373,21.1,5.33,13.1,113.5622,-56.8,48.48,90.1
2017-08-01,,,-1797200000.0,99.00959,21.1,5.55,18.0,112.0435,-53.4,51.7,93.4
2017-09-01,,,-1329400000.0,100.8816,21.2,5.56,12.3,105.5905,-52.1,56.15,89.5
2017-10-01,46131.2,-0.310409131190501,-1620900000.0,100.9835,21.1,5.59,12.0,101.2006,-49.0,57.51,92.1
2017-11-01,,,-1329300000.0,100.2356,21.4,5.22,10.4,98.97662,-50.6,62.71,91.2
2017-12-01,,,-1574000000.0,100.7624,21.3,4.44,9.3,103.9313,-48.7,64.37,92.6
2018-01-01,46827.6,0.91345464187781,-1679100000.0,99.10498,20.8,3.79,10.7,114.7688,-50.5,69.08,92.5
2018-02-01,,,-1528000000.0,99.05471,21.1,4.14,15.2,113.9068,-49.7,65.32,92.3
2018-03-01,,,-1496800000.0,100.5342,20.7,4.27,12.9,108.7643,-51.0,66.02,93.2
2018-04-01,46915.9,2.47071752082844,-1753700000.0,101.4515,20.2,4.04,21.2,110.7316,-49.2,72.11,91.8
2018-05-01,,,-1450400000.0,101.1223,19.6,4.29,20.7,107.6888,-47.6,76.98,93.4
2018-06-01,,,-2100200000.0,102.1206,19.5,4.39,20.9,104.0839,-48.2,74.41,93.1
2018-07-01,47044.3,2.4260117353542,-1695800000.0,100.301,19.4,3.88,12.6,101.9924,-45.2,74.25,93.2
2018-08-01,,,-1856800000.0,99.97002,19.3,4.18,9.2,99.35224,-47.6,72.53,93.7
2018-09-01,,,-1967500000.0,101.9816,19.3,4.17,10.6,93.8166,-45.9,78.89,92.8
2018-10-01,47333.3,-0.309763799818544,-1863700000.0,102.7695,19.1,4.37,11.4,86.70149,-31.4,81.03,92.4
2018-11-01,,,-1473700000.0,101.2247,19.1,4.42,11.2,83.85058,-33.2,64.75,96.3
2018-12-01,,,-1776400000.0,101.3299,19.0,4.28,10.1,85.10579,-30.2,57.36,94.6
2019-01-01,47876.1,-0.181045735455057,-2029200000.0,99.54,19.5,4.21,2.9,84.52209,-30.2,59.41,95.6
2019-02-01,,,-1539000000.0,99.6691,19.2,3.84,7.5,89.90505,-35.0,63.96,94.0
2019-03-01,,,-1971100000.0,101.4823,18.5,3.76,12.6,96.04194,-33.3,66.14,92.5
2019-04-01,48321.1,-0.660355726652213,-1713700000.0,102.4866,18.5,3.42,10.6,103.3246,-33.5,71.23,94.3
2019-05-01,,,-2121600000.0,101.3521,17.5,3.37,10.7,101.814,-30.7,71.32,93.1
2019-06-01,,,-1761200000.0,101.8369,17.4,2.67,11.8,113.7041,-28.6,64.22,92.6
2019-07-01,48077.1,1.37166282071111,-1801700000.0,100.3478,17.9,2.16,22.2,118.1588,-18.1,63.92,90.8
2019-08-01,,,-1907200000.0,99.79972,17.3,1.98,27.6,113.2393,-7.2,59.04,93.6
2019-09-01,,,-1889100000.0,101.9057,17.4,1.5,17.6,116.6901,-6.5,62.83,94.2
2019-10-01,48024.8,2.92859309505652,-1916400000.0,102.038,17.3,1.34,14.4,115.6281,-3.1,59.71,91.6
2019-11-01,,,-1705900000.0,101.4502,17.0,1.36,16.6,119.2127,-5.6,63.21,87.0
2019-12-01,,,-1526000000.0,102.1203,16.9,1.42,25.2,120.8732,-3.9,67.31,90.7
2020-01-01,47084.0,2.30518858655193,-1829300000.0,100.3992,16.6,1.34,21.2,125.482,-11.9,63.65,95.7
2020-02-01,,,-1870200000.0,99.89766,15.9,1.07,30.1,119.3113,-7.8,55.66,91.2
2020-03-01,,,-1512800000.0,101.4785,16.9,1.97,25.7,79.76472,-23.5,32.01,92.6
2020-04-01,40605.6,-10.3621500556903,-1182600000.0,101.0155,18.5,2.05,3.7,81.27935,-42.3,18.38,84.5
2020-05-01,,,-1278100000.0,100.1945,19.6,1.93,-41.9,82.93315,-40.1,29.38,85.8
2020-06-01,,,-1420800000.0,100.2388,20.3,1.32,-47.1,89.5443,-32.5,40.27,88.1
2020-07-01,43101.6,-2.46085530774862,-1620400000.0,98.53287,17.7,1.14,-35.0,86.3056,-36.1,43.24,90.5
2020-08-01,,,-1664400000.0,97.89494,16.9,1.08,-30.2,85.58409,-34.4,44.74,90.5
2020-09-01,,,-1540600000.0,99.8858,17.0,1.08,-30.4,86.22723,-40.5,40.91,92.1
2020-10-01,44200.2,-4.90398977371847,-1422800000.0,100.2342,17.7,0.9,-24.6,83.68709,-38.9,40.19,88.4
2020-11-01,,,-1411700000.0,99.3552,17.5,0.75,-23.7,90.078,-44.5,42.69,94.7
2020-12-01,,,-1317800000.0,99.75089,16.7,0.63,-23.6,106.3606,-37.3,49.99,94.6
2021-01-01,46053.8,-1.6736260431473,-1585200000.0,98.42724,16.0,0.65,-21.7,106.9308,-38.9,54.77,99.0
2021-02-01,,,-1166800000.0,98.63056,16.0,0.81,-13.6,104.7338,-43.4,62.28,94.8
2021-03-01,,,-1823800000.0,99.81734,16.6,0.91,-9.7,113.4906,-39.9,65.41,97.8
2021-04-01,46703.8,21.6034550565328,-1942500000.0,100.7251,17.2,0.88,-12.9,120.5773,-38.4,64.81,103.2
2021-05-01,,,-1726600000.0,100.3314,15.9,0.99,11.1,120.7773,-21.9,68.53,97.7
2021-06-01,,,-1968200000.0,101.2696,15.1,0.81,25.5,122.6635,-24.7,73.16,96.3
2021-07-01,48074.5,8.55620679820883,-2345000000.0,99.86414,14.1,0.7,27.1,117.4913,-31.4,75.17,98.4
2021-08-01,,,-2303200000.0,99.73395,14.1,0.59,31.1,121.7812,-32.0,70.75,100.4
2021-09-01,,,-2069700000.0,102.0951,13.3,0.8,34.5,121.1543,-37.5,74.49,102.5
2021-10-01,48703.7,14.9104469548353,-2358100000.0,103.6557,13.1,0.96,39.5,120.6287,-39.8,83.54,103.3
2021-11-01,,,-2800200000.0,104.1469,13.2,1.22,45.4,122.1825,-38.5,81.05,103.3
2021-12-01,,,-2778000000.0,104.8531,12.9,1.29,34.4,119.8815,-38.2,74.17,103.4
2022-01-01,49620.4,10.7073361951732,-3025400000.0,104.5787,13.1,1.62,33.7,125.7387,-40.5,86.51,98.5
2022-02-01,,,-3565700000.0,105.7458,13.1,2.46,42.2,127.7276,-38.9,97.13,100.4
2022-03-01,,,-2437400000.0,108.6512,12.7,2.61,37.2,114.535,-51.4,117.25,106.7
2022-04-01,49716.6,1.68743935924888,-3201700000.0,110.9716,12.5,2.89,19.5,124.1714,-55.3,104.58,98.7
2022-05-01,,,-3320900000.0,111.6983,12.9,3.54,21.6,118.1493,-51.3,113.34,101.8
2022-06-01,,,-3237500000.0,113.5169,12.5,3.93,19.3,115.1349,-52.5,122.71,105.4
2022-07-01,50228.9,2.51646378979914,-3145000000.0,111.4391,12.8,3.38,19.0,109.452,-55.3,111.93,105.8
2022-08-01,,,-2809900000.0,111.1074,12.3,3.46,23.6,118.6128,-54.2,100.45,106.5
2022-09-01,,,-3568600000.0,114.371,12.1,4.44,39.8,111.2761,-51.2,89.76,101.6
2022-10-01,50690.3,-0.697405443580791,-4331900000.0,113.0521,11.7,4.87,12.8,113.2798,-57.9,93.33,100.1
2022-11-01,,,-3561600000.0,113.0404,11.5,4.42,20.3,120.8408,-51.9,91.42,102.6
2022-12-01,,,-2863900000.0,112.4277,12.0,4.22,26.4,123.9471,-47.9,80.92,102.0
2023-01-01,50701.1,-2.21885738967652,-2333200000.0,111.8879,10.6,4.29,19.1,132.0904,-41.4,82.5,100.3
2023-02-01,,,-2350300000.0,112.2241,11.2,4.26,18.0,146.3842,-47.4,82.59,105.6
2023-03-01,,,-2175300000.0,113.6197,11.6,4.29,18.1,142.9279,-41.1,78.43,107.4
2023-04-01,51264.5,-4.51402112940654,-2613700000.0,114.3443,11.4,4.22,36.5,147.607,-44.6,84.64,103.1
2023-05-01,,,-2980500000.0,114.8052,11.2,3.98,34.1,155.4193,-34.5,75.47,104.2
2023-06-01,,,-2641400000.0,115.5154,11.6,3.71,35.4,169.6211,-31.0,74.84,102.0
2023-07-01,51121.1,-3.17395614933537,-2714900000.0,114.1926,11.6,3.85,43.0,178.1928,-28.6,80.11,103.4
2023-08-01,,,-2921500000.0,114.1563,11.4,3.88,36.9,175.8648,-35.4,86.15,106.7
2023-09-01,,,-2763600000.0,116.2341,10.9,4.08,29.9,167.1472,-45.0,93.72,104.0
2023-10-01,51472.4,-3.05304783167146,-2491500000.0,116.8946,10.7,4.3,31.2,158.3621,-44.7,90.6,110.5
2023-11-01,,,-2611100000.0,116.4647,10.0,3.88,36.4,167.4525,-45.6,82.94,106.1
2023-12-01,,,-3379000000.0,116.3641,10.4,3.28,40.6,173.8178,-40.3,77.63,106.2
2024-01-01,51604.4,-4.24529946864567,-2327800000.0,115.393,11.7,3.29,37.5,180.8991,-46.3,80.12,110.2
2024-02-01,,,-3158400000.0,115.5029,11.6,3.45,37.6,189.9112,-47.2,83.48,107.6
2024-03-01,,,-2586300000.0,117.2848,10.8,3.37,39.3,191.7947,-44.7,85.41,106.9
2024-04-01,52199.8,2.64729144461147,-3030300000.0,117.8533,10.8,3.49,45.4,190.5382,-41.7,89.94,114.8
2024-05-01,,,-3401000000.0,117.5477,10.5,3.55,47.8,198.6842,-43.8,81.75,111.3
2024-06-01,,,-2694000000.0,118.1286,8.9,3.65,47.3,193.1094,-42.7,82.25,112.3
2024-07-01,52364.8,-2.47293909129008,-2714100000.0,117.2665,9.7,3.5,36.7,196.3184,-43.9,85.15,114.5
2024-08-01,,,-2933300000.0,117.5666,9.5,3.31,40.4,191.4097,-48.1,80.36,110.7
2024-09-01,,,-3084700000.0,119.6501,9.6,3.19,42.2,194.2727,-51.3,74.02,106.5
2024-10-01,52628.5,-1.77092571937108,-3123500000.0,119.6732,9.6,3.16,41.1,191.4732,-50.3,75.63,107.6
2024-11-01,,,-3310300000.0,119.2184,9.5,3.19,26.6,189.6059,-47.3,74.35,109.8
2024-12-01,,,-3100900000.0,119.36,9.3,3.05,33.1,196.394,-44.5,73.86,112.5
2025-01-01,52842.0,3.12815355623571,-2769300000.0,118.5539,9.8,3.35,31.7,204.8819,-43.4,79.27,111.2
